case,energy_CO2e_kg,refrigerant_CO2e_kg,ethanol_or_biogenic_CO2_kg,total_CO2e_kg
"1 AC, 24 h",16.02,0.1372931506849315,0.0,16.157293150684932
"1 AC, 8 h night",5.34,0.1372931506849315,0.0,5.477293150684932
"1 refrigerator, 24 h",0.6675,0.003917808219178082,0.0,0.6714178082191781
1 L ethanol production,1.1056400000000002,0.0,0.75,1.1056400000000002
