pollutant,"1 AC, 24 h_g","1 refrigerator, 24 h_g",1 L ethanol plant heat stage_g
SO2/SOx,16.2,0.675,0.00232
NOx,19.8,0.8250000000000001,0.3596
VOC,1.08,0.045,0.01972
PM2.5,1.44,0.06,0.02784
